EID,Sex,Age,EHQ_Total,Commercial_Use,Full_Pheno
NDARJK487UCN,0,9.942276,83.34,Yes,Yes
NDARFW670TY2,0,8.792835,80,Yes,Yes
NDARHU395FP0,0,7.407027,76.67,Yes,Yes
NDARHV885JFU,0,8.893794,44.47,Yes,Yes
NDARCP753UEW,0,8.135295,100,Yes,Yes
NDARCW058DP8,0,10.262719,80,Yes,Yes
NDARPE623MBW,0,7.237166,80,Yes,Yes
NDARPM172XGD,0,7.57723,100,Yes,Yes
NDARJW888AJ2,0,12.154916,-73.34,Yes,Yes
NDARFJ031UJJ,1,8.220625,-30,Yes,Yes
NDARNC148NJ1,1,14.796714,-61.14,Yes,Yes
NDARFM870UHU,1,8.283253,100,Yes,Yes
NDARGY058YX2,1,7.130846,36.67,Yes,Yes
NDARBM348NAN,0,15.144193,53.34,Yes,Yes
NDARHB452LTW,0,7.204312,43.35,Yes,Yes
NDARLR168NP5,1,8.41216,73.34,Yes,Yes
NDARNC405WJA,0,6.101528,100,Yes,Yes
NDARFE868RRJ,1,6.690166,93.34,Yes,Yes
NDARFZ477RC8,1,8.691535,53.34,Yes,Yes
NDARTH065GZ0,1,11.856376,100,Yes,Yes
NDARNA432BV0,0,9.655258,100,Yes,Yes
NDARET671FTC,1,8.507643,20,Yes,Yes
NDARKF108LAN,0,9.731348,100,Yes,Yes
NDARMM998PCZ,1,6.782797,-6.67,Yes,Yes
NDARVP799KGY,0,8.450262,66.67,Yes,Yes
NDAREU890CYJ,0,16.423226,73.34,Yes,Yes
NDARGE643MYU,0,8.921058,100,Yes,Yes
NDARWA276AW0,1,10.262605,-50,Yes,Yes
NDARFX879UEY,1,17.069358,73.34,Yes,Yes
NDARVG246LT7,0,18.575176,92.27,Yes,Yes
NDARCB620LXQ,1,7.911362,51.14,Yes,Yes
NDARHH727MX4,0,11.152977,60,Yes,Yes
NDARDY934WXW,1,9.337097,84.47,Yes,Yes
NDARPB967KU7,0,10.06548,60,Yes,Yes
NDARKM876ZHK,1,9.74287,77.8,Yes,Yes
NDARPU049CJ7,0,7.844969,53.34,Yes,Yes
NDARHR448DEV,0,10.057837,-60,Yes,Yes
NDARDP740CLE,0,7.484143,60,Yes,Yes
NDARNL765BBR,0,13.975587,80,Yes,Yes
NDARRD460FZE,1,8.105065,86.67,Yes,Yes
NDARFW825JBT,1,8.332648,73.34,Yes,Yes
NDARYD201BJ5,0,6.769107,93.34,Yes,Yes
NDARJU056AA1,0,7.672826,100,Yes,Yes
NDARLM401GXQ,0,5.79717,73.34,Yes,Yes
NDARBU718PDH,0,10.451745,100,Yes,Yes
NDARFM327MGW,0,6.150353,93.34,Yes,Yes
NDARBU451LDR,0,17.176135,86.67,Yes,Yes
NDARAH129BMC,0,6.561601,86.67,Yes,Yes
NDARTB173LY2,1,7.601528,76.67,Yes,Yes
NDARAK770XEW,0,20.327173,100,Yes,Yes
NDARYB492NFW,0,7.829226,100,Yes,Yes
NDARZY502FAG,1,18.448665,60,Yes,Yes
NDARDE355JYM,0,8.072553,-33.35,Yes,Yes
NDARUD637TU2,0,9.992128,81.14,Yes,Yes
NDARWM929URT,1,9.556354,93.34,Yes,Yes
NDARNF803DXP,1,10.588295,-66.67,Yes,Yes
NDARVG675EJ0,0,9.121149,100,Yes,Yes
NDARTC888FYZ,0,10.314624,40,Yes,Yes
NDARKM388MHN,1,12.598334,-96.67,Yes,Yes
NDARLH365ZUD,1,7.382956,100,Yes,Yes
NDARLP425JYL,0,10.670431,73.34,Yes,Yes
NDARMH180XE5,0,8.863563,-60,Yes,Yes
NDARXF711XE8,0,9.285535,80,Yes,Yes
NDARJU177TCU,0,14.363791,66.67,Yes,Yes
NDARJH159UD4,0,10.259753,46.67,Yes,Yes
NDARAY006MJB,0,9.287816,16.68,Yes,Yes
NDARMV198XGY,1,9.646817,87.8,Yes,Yes
NDARNM722GA4,0,13.895619,20,Yes,Yes
NDARWW790AKX,0,11.127766,40,Yes,Yes
NDARNC261HDT,1,9.687656,66.67,Yes,Yes
NDARMP309VBG,0,14.00308,62.27,Yes,Yes
NDARXW976KCR,0,20.15503,-81.14,Yes,Yes
NDAREX531PXT,0,10.227127,76.67,Yes,Yes
NDARXF223XK6,1,8.781314,86.67,Yes,Yes
NDARNK887LAG,1,7.015514,86.67,Yes,Yes
NDARJJ350GCA,0,8.63655,93.34,Yes,Yes
NDARLR326CBQ,1,8.981405,80,Yes,Yes
NDARGR499GKJ,1,9.668377,54.47,Yes,Yes
NDARXW693MLG,0,6.870978,97.8,Yes,Yes
NDARHE877ZD1,0,8.86402,93.34,Yes,Yes
NDARCM639ZNA,0,8.165754,13.34,Yes,Yes
NDARRG687BKZ,1,10.216518,100,Yes,Yes
NDARVE086HX4,1,14.530914,93.34,Yes,Yes
NDARUN771DPA,0,11.372005,93.34,Yes,Yes
NDARGM638CCA,1,10.298197,66.67,Yes,Yes
NDARHM294VK2,1,7.242642,-90,Yes,Yes
NDARCB062WP0,0,8.461441,50,Yes,Yes
NDARAR335FZH,1,16.403604,96.67,Yes,Yes
NDARDD820LG7,1,8.582135,63.34,Yes,Yes
NDARBY936ZRP,0,11.941364,60,Yes,Yes
NDARGL211HB3,1,11.801733,100,Yes,Yes
NDARBD050LT3,1,11.6402,-26.68,Yes,Yes
NDARHD694XLC,1,7.464522,-100,Yes,Yes
NDARYV654UGB,0,7.207734,93.34,Yes,Yes
NDARAR991JAA,0,8.505361,26.68,Yes,Yes
NDARWV091RWT,0,6.838124,83.34,Yes,Yes
NDARWX418UXX,0,6.054414,73.34,Yes,Yes
NDARCJ108KNZ,0,11.442619,-93.34,Yes,Yes
NDARHG525ZK8,1,13.994752,73.34,Yes,Yes
NDARTC944BJY,1,8.962012,100,Yes,Yes
NDARHR621FJB,0,6.200091,56.67,Yes,Yes
NDARZR480CR5,1,7.130504,-66.67,Yes,Yes
NDARCA851LUG,1,10.977754,100,Yes,Yes
NDARAV474ADJ,0,6.564339,60,Yes,Yes
NDARHD100UMG,0,8.979123,100,Yes,Yes
NDARGB467PK5,0,6.86516,84.47,Yes,Yes
NDARNJ885TY4,0,9.129591,100,Yes,Yes
NDARVV316WML,1,7.787474,60,Yes,Yes
NDARTM826GNP,1,17.671343,40,Yes,Yes
NDARYC834ML4,0,5.447182,90,Yes,Yes
NDARPE424GZZ,0,20.469883,95.6,Yes,Yes
NDAREZ100VPB,1,9.92642,-63.34,Yes,Yes
NDARKJ743AE4,0,11.202144,97.8,Yes,Yes
NDARZX667AT5,0,7.12788,100,Yes,Yes
NDARYC210GUC,0,9.359571,100,Yes,Yes
NDARXW455MJ1,0,10.766484,96.67,Yes,Yes
NDARPV502DZ2,1,8.266826,76.67,Yes,Yes
NDARAE540FCG,0,7.486881,86.67,Yes,Yes
NDARLD042RUL,0,13.709901,-53.34,Yes,Yes
NDARRU711AP5,0,12.07221,100,Yes,Yes
NDARCJ014BCH,1,7.421172,81.14,Yes,Yes
NDARYV571RJJ,0,9.814054,-93.34,Yes,Yes
NDARVC874KGR,1,11.327515,93.34,Yes,Yes
NDARRK429WD3,0,5.682181,86.67,Yes,Yes
NDARAE839XXL,0,5.274697,97.8,Yes,Yes
NDARGD919DHK,0,9.43566,-26.68,Yes,Yes
NDARUT136EUY,0,10.736595,63.34,Yes,Yes
NDARCB869VM8,0,6.656856,60,Yes,Yes
NDARVM557ZLF,0,9.32683,93.34,Yes,Yes
NDARMB458AWY,1,7.081336,73.34,Yes,Yes
NDARZZ046HJA,0,9.372689,80,Yes,Yes
NDARTX932KLQ,0,8.072781,-13.34,Yes,Yes
NDARJG581CCK,0,8.901893,64.47,Yes,Yes
NDARBV390UY5,0,13.408852,-6.67,Yes,Yes
NDARML879RJJ,1,11.248345,66.67,Yes,Yes
NDARVM014JEQ,0,8.606091,40,Yes,Yes
NDARWE938FWQ,0,15.259639,44.54,Yes,Yes
NDARKE153NEM,0,11.43201,56.67,Yes,Yes
NDARLK762JFX,1,13.892881,-93.34,Yes,Yes
NDARAY596ZWD,0,7.935546,93.34,Yes,Yes
NDARTH990UEC,0,7.67796,26.68,Yes,Yes
NDARHL237MPV,1,8.433607,67.8,Yes,Yes
NDARAD256AHU,0,7.536162,100,Yes,Yes
NDARET069PKN,0,21.384325,93.34,Yes,Yes
NDARAR372FHB,1,8.196098,80,Yes,Yes
NDARDV122YZN,0,6.541752,-51.14,Yes,Yes
NDARLN610AKZ,0,9.496235,73.34,Yes,Yes
NDARRR485VP8,1,6.219256,46.67,Yes,Yes
NDARRB788TBA,0,10.985854,90,Yes,Yes
NDARDY671RL8,1,7.795801,-66.67,Yes,Yes
NDARKB516BEW,0,11.527378,100,Yes,Yes
NDARLV704BPE,1,15.13039,-100,Yes,Yes
NDARCT531TC0,1,10.054985,-100,Yes,Yes
NDARKL694YEM,0,13.310175,86.67,Yes,Yes
NDARAF628ND6,0,5.359114,-6.67,Yes,Yes
NDARGH629CW0,1,6.908738,60,Yes,Yes
NDARNE098NPR,1,8.674423,55.67,Yes,Yes
NDARTN793TBY,0,7.670203,53.34,Yes,Yes
NDARNW188JTF,0,9.51848,40,Yes,Yes
NDARFB424ZEF,0,11.532968,-86.67,Yes,Yes
NDARUV288LWA,0,6.435432,73.34,Yes,Yes
NDARZJ681BDQ,1,6.273442,-60,Yes,Yes
NDARNX398YFE,0,12.428131,100,Yes,Yes
NDARTE820LE7,0,8.738078,46.67,Yes,Yes
NDARPR943MYP,0,9.652521,75.6,Yes,Yes
NDARMM594VJT,0,6.421629,33.35,Yes,Yes
NDARRD779RW5,0,6.202829,100,Yes,Yes
NDARAK078LMR,0,19.519279,93.4,Yes,Yes
NDARAL606CW5,1,9.925735,100,Yes,Yes
NDARCL927JHR,1,11.056468,100,Yes,Yes
NDARUK537ZXC,1,9.1483,86.67,Yes,Yes
NDARMY564AXU,1,7.606776,66.67,Yes,Yes
NDARXC266NHY,0,9.068788,-25.53,Yes,Yes
NDARMT126PB3,0,6.257015,26.68,Yes,Yes
NDARNP254RWE,1,12.305384,40,Yes,Yes
NDARPA917PE9,0,13.871206,86.67,Yes,Yes
NDARAG943DF9,1,8.611567,80,Yes,Yes
NDARNB773ECT,1,10.473534,66.67,Yes,Yes
NDAREY366VH0,0,17.443988,100,Yes,Yes
NDARHR191HKK,1,9.991558,100,Yes,Yes
NDARNV094DMP,0,5.983686,15.54,Yes,Yes
NDARTZ403MC0,0,7.147387,33.35,Yes,Yes
NDARBH502NZ9,0,12.009354,81.14,Yes,Yes
NDARYN983EAQ,0,10.347478,33.35,Yes,Yes
NDARFW626NVV,0,9.11305,53.34,Yes,Yes
NDARTY586BWT,1,10.692904,33.35,Yes,Yes
NDARUL077YNE,0,10.848391,84.47,Yes,Yes
NDARYZ946EUH,1,13.660734,80,Yes,Yes
NDARED010UML,0,5.578142,100,Yes,Yes
NDARCU057BFP,0,17.274127,55.6,Yes,Yes
NDARPM002AXQ,0,13.734656,53.34,Yes,Yes
NDARYV122VPZ,1,8.554072,40,Yes,Yes
NDARML514ZFM,1,9.498631,100,Yes,Yes
NDARCJ667UPL,1,7.210358,100,Yes,Yes
NDARBL990KHP,0,10.180469,51.14,Yes,Yes
NDARBC202FT0,0,11.141683,97.8,Yes,Yes
NDARZK746XJ3,0,6.801848,40,Yes,Yes
NDARBN695TM7,1,9.203285,61.14,Yes,Yes
NDAREZ900NA6,0,7.494752,73.34,Yes,Yes
NDARDW463WFD,0,12.576545,46.67,Yes,Yes
NDARUG099ZDH,0,6.120123,80,Yes,Yes
NDARJL368NPE,0,10.966119,-13.34,Yes,Yes
NDARNF423BB5,0,10.081793,100,Yes,Yes
NDARUW377KAE,0,11.103582,100,Yes,Yes
NDARZM362YA3,0,5.627538,57.8,Yes,Yes
NDARMT151RNN,0,8.274811,64.47,Yes,Yes
NDARYZ161MYP,1,5.641113,13.34,Yes,Yes
NDARRL900KHV,0,11.957449,100,Yes,Yes
NDARPZ019KKN,1,11.569016,100,Yes,Yes
NDARHV915YXJ,0,7.261806,60,Yes,Yes
NDARTM287BKX,0,10.235341,26.68,Yes,Yes
NDARXU409JCU,0,15.385694,86.67,Yes,Yes
NDARXF159HTA,0,10.024526,83.34,Yes,Yes
NDARPA699GD3,1,5.742984,-16.68,Yes,Yes
NDARHU018AT3,0,9.187086,73.34,Yes,Yes
NDARKK969JLV,0,9.762035,33.35,Yes,Yes
NDARJP954CE7,0,6.295345,23.33,Yes,Yes
NDARGW899XRD,0,15.625941,73.34,Yes,Yes
NDARGA530NHK,0,7.878507,-52.2,Yes,Yes
NDARMC298UC7,0,12.206365,100,Yes,Yes
NDARUH330VE7,1,11.968286,90,Yes,Yes
NDARKZ858GBD,0,5.696326,53.34,Yes,Yes
NDARVR636CY5,0,8.178986,100,Yes,Yes
NDARAD269FZD,0,6.087268,6.67,Yes,Yes
NDARLL386VRE,1,8.31086,40,Yes,Yes
NDARAH373VWM,0,17.060574,100,Yes,Yes
NDARRK431RX8,1,7.19336,93.34,Yes,Yes
NDARLP183TNJ,0,7.013232,76.67,Yes,Yes
NDARXK254YD2,0,6.706023,100,Yes,Yes
NDARBD347AG0,1,8.792265,6.6,Yes,Yes
NDARKN170UXD,0,12.855806,62.27,Yes,Yes
NDARMM628VVA,0,6.64579,90,Yes,Yes
NDARJT921KTH,0,9.299224,60,Yes,Yes
NDARNF362NU0,0,9.978211,86.67,Yes,Yes
NDARAE854KGZ,0,12.727241,83.34,Yes,Yes
NDARTF825ADA,0,6.246178,-50,Yes,Yes
NDAREC447FDH,0,11.697239,100,Yes,Yes
NDARXJ635PWG,1,9.608259,66.67,Yes,Yes
NDARUP000VHQ,0,10.75268,100,Yes,Yes
NDARUM518PU1,0,6.246406,66.67,Yes,Yes
NDARMW299ZAB,0,10.61864,93.34,Yes,Yes
NDARVF884HMM,0,6.42448,86.67,Yes,Yes
NDARLV046ETD,0,6.912046,90,Yes,Yes
NDARAX346KH7,1,5.646475,93.34,Yes,Yes
NDARTN842FEV,0,12.379534,53.34,Yes,Yes
NDARMT791WDH,1,12.1167,60,Yes,Yes
NDARND375WF5,1,12.014715,46.67,Yes,Yes
NDARFB400WNC,0,6.309263,40,Yes,Yes
NDARJX025DG3,0,9.422655,40,Yes,Yes
NDARCG343UF4,1,8.954483,53.34,Yes,Yes
NDARUD894UP6,1,9.589208,53.34,Yes,Yes
NDARCT119UKU,1,10.969427,53.34,Yes,Yes
NDARZR293TKN,0,7.785306,13.27,Yes,Yes
NDARGP528YU2,1,15.579739,73.34,Yes,Yes
NDARKC766JE9,1,6.582819,36.67,Yes,Yes
NDARNX218VBX,0,6.626967,20,Yes,Yes
NDARPC425VY2,1,7.201688,80,Yes,Yes
NDARYJ293XH4,1,9.011864,96.67,Yes,Yes
NDARJE530VRG,1,8.526579,40,Yes,Yes
NDARRN143CV4,1,11.319872,20,Yes,Yes
NDARVY962GB5,0,13.674537,100,Yes,Yes
NDARRU560AGK,0,13.55373,93.34,Yes,Yes
NDARWZ866BBM,0,13.969541,46.67,Yes,Yes
NDARRV492PC9,1,11.109171,40,Yes,Yes
NDARVP520BAW,1,6.263175,6.67,Yes,Yes
NDARBK487AYA,1,15.448551,54.47,Yes,Yes
NDARGF837AGX,0,8.96532,100,Yes,Yes
NDARGH230EG2,0,10.191877,53.34,Yes,Yes
NDARFB263RJK,0,11.051676,73.34,Yes,Yes
NDARAR160ZPZ,1,5.520647,86.67,Yes,Yes
NDARMT872JZZ,1,7.453456,95.6,Yes,Yes
NDARZX384XVQ,0,5.8355,100,Yes,Yes
NDARLZ648MVJ,1,9.967488,86.67,Yes,Yes
NDARCZ236ERR,0,12.603353,100,Yes,Yes
NDARYR692VVC,0,13.33744,56.67,Yes,Yes
NDARYK657ZLC,1,7.34725,86.67,Yes,Yes
NDARKM061NHZ,0,10.979922,20,Yes,Yes
NDARLT294VUD,1,18.443874,56.67,Yes,Yes
NDARFV973BE1,0,8.986767,73.34,Yes,Yes
NDARXP930ZTG,1,14.741729,100,Yes,Yes
NDARGN205MUG,1,6.514715,66.67,Yes,Yes
NDARUC994BLZ,1,11.902692,93.34,Yes,Yes
NDARVV976GFL,1,7.243212,80,Yes,Yes
NDARAR537GD3,1,8.565594,86.67,Yes,Yes
NDARXM551CTE,0,10.648984,54.47,Yes,Yes
NDARLD501HDK,1,9.304357,100,Yes,Yes
NDARZL162HZH,0,10.090006,46.67,Yes,Yes
NDARAC688ZM5,1,5.26386,73.34,Yes,Yes
NDARAV082JHA,1,6.58339,-6.67,Yes,Yes
NDARCM677TC1,0,11.040155,53.34,Yes,Yes
NDARRG973HJQ,0,8.001254,100,Yes,Yes
NDARAB653ZXP,0,12.009924,100,Yes,Yes
NDARFP100DJL,1,7.135979,-6.67,Yes,Yes
NDARBG605BAR,1,12.819758,96.67,Yes,Yes
NDARGY381RCN,0,7.89733,64.47,Yes,Yes
NDARLV311HWL,1,11.866872,86.67,Yes,Yes
NDARDG644LJX,0,13.95916,82.27,Yes,Yes
NDARYU737PY0,0,15.262491,66.67,Yes,Yes
NDARTX843YTH,0,12.636322,-66.67,Yes,Yes
NDARNT461KNF,0,8.546429,-91.14,Yes,Yes
NDARJJ412DN7,0,9.685375,-26.68,Yes,Yes
NDARYZ433UL5,0,5.827743,93.34,Yes,Yes
NDARYX965RWP,0,12.102327,83.4,Yes,Yes
NDARHC562JGU,1,9.717773,73.34,Yes,Yes
NDARYL102HCY,0,11.510951,100,Yes,Yes
NDARRV955LPW,1,9.200205,43.35,Yes,Yes
NDARBF998MBA,1,12.628108,100,Yes,Yes
NDARWY550FH5,1,17.337211,72.27,Yes,Yes
NDARRZ640EG2,1,13.17853,93.34,Yes,Yes
NDARYM574WCX,1,9.794889,-73.34,Yes,Yes
NDARLL176DJR,0,5.515628,20,Yes,Yes
NDARUF210FRD,0,17.523271,81.14,Yes,Yes
NDARZN123CKG,0,8.408966,51.14,Yes,Yes
NDARXP873PZZ,1,9.717773,100,Yes,Yes
NDARAC923GPW,0,12.094113,6.67,Yes,Yes
NDARTL496EKV,0,8.674423,73.34,Yes,Yes
NDARHD841JAE,0,9.506844,53.34,Yes,Yes
NDARMX591FJ6,0,5.709445,-33.35,Yes,Yes
NDARZU615HUG,1,10.144877,75.54,Yes,Yes
NDARPA750HZ1,0,7.111225,93.34,Yes,Yes
NDARGN151YEY,0,6.678644,100,Yes,Yes
NDARTE551TFV,0,7.89425,100,Yes,Yes
NDAREF477BLT,0,13.255532,4.47,Yes,Yes
NDARBG819PT9,0,6.016084,100,Yes,Yes
NDARLK034DJB,1,10.747091,100,Yes,Yes
NDARNP956FPR,0,11.766255,60,Yes,Yes
NDARAR935TGZ,0,8.534907,46.67,Yes,Yes
NDARTF378MX6,1,11.856262,86.67,Yes,Yes
NDARCM027TAV,0,9.422085,33.35,Yes,Yes
NDAREK109WK1,0,9.072096,73.34,Yes,Yes
NDARVV095CTT,0,10.878964,66.67,Yes,Yes
NDARHB233MT2,1,5.718229,53.34,Yes,Yes
NDARYR958FZ9,0,8.896303,86.67,Yes,Yes
NDARLL846UYQ,0,12.00673,66.7,Yes,No
NDARGB101GUF,1,13.619666,86.71,Yes,No
NDARGL586HN9,1,14.106433,-46.69,Yes,No
NDARPX098XYT,0,8.55681,73.37,Yes,No
NDARJF479TBL,0,9.394592,-60.03,Yes,No
NDARBK739HXR,0,14.782683,71.17,Yes,No
NDARAY761BFH,0,8.537873,40.02,Yes,No
NDARYK713TGJ,1,10.139858,100.05,Yes,No
NDARRG028CAD,0,10.120123,40.02,Yes,No
NDARAA773LUW,1,13.638945,100.05,Yes,No
NDARUM624FW7,0,8.729865,86.71,Yes,No
NDARXU975RAJ,1,9.945471,43.35,Yes,No
NDARBT579AW1,0,11.267396,100.05,Yes,No
NDARHV743KA4,1,6.054642,67.83,Yes,No
NDARHD403ZHG,0,6.747661,33.35,Yes,No
NDARLT946JYZ,0,7.511521,84.51,Yes,No
NDARAZ069DBL,0,9.07723,90.05,Yes,No
NDARXJ180NAB,0,10.265799,-93.38,Yes,No
NDARXC058VZG,0,10.788615,80.04,Yes,No
NDARKC791WL9,0,9.441706,20.01,Yes,No
NDARMX259HUH,0,8.239333,53.36,Yes,No
NDARTH459BLU,0,6.832534,24.41,Yes,No
NDARCG464RH2,1,15.226671,40.02,Yes,No
NDARKP895CJG,0,14.555441,84.51,Yes,No
NDARNB442LR7,0,7.891512,86.71,Yes,No
NDAREH333KZD,0,12.551562,66.7,Yes,No
NDARLA869AUX,0,8.195984,100.05,Yes,No
NDARAA396TWZ,0,7.05989,55.63,Yes,No
NDARNF439YDW,0,10.659479,46.69,Yes,No
NDARWY566RM,0,9.896075,93.38,Yes,No
NDARNM364WVH,0,6.259753,46.69,Yes,No
NDARXN821BKB,1,6.013803,100.05,Yes,No
NDARBT094VX0,0,5.734086,23.34,Yes,No
NDARGN460JU2,1,11.664727,40.02,Yes,No
NDARLF931KJC,1,6.712069,-6.67,Yes,No
NDARYU572UL0,0,12.830595,100.05,Yes,No
NDARYD265AZN,1,9.411704,71.17,Yes,No
NDARVM586CBM,0,7.790212,63.37,Yes,No
NDARXN246RND,0,6.484371,100.05,Yes,No
NDARKR658HW2,0,6.487679,33.35,Yes,No
NDARZA147PC7,0,6.172256,86.71,Yes,No
NDARLY771XJ0,0,9.408281,53.36,Yes,No
NDARNN989FZ4,1,9.9449,53.36,Yes,No
NDARCV570NVN,1,5.348619,91.18,Yes,No
NDARKX116PGU,0,14.966233,53.36,Yes,No
NDARGJ954FP7,0,10.657312,84.51,Yes,No
NDARWV313RH7,0,13.835843,13.34,Yes,No
NDAREB629FVB,0,6.91467,100.05,Yes,No
NDARFJ330ZUE,0,5.991786,33.35,Yes,No
NDARZD816TLM,0,7.711384,46.69,Yes,No
NDARWE001EAY,1,7.418434,100.05,Yes,No
NDARJL016LRL,1,7.19644,13.34,Yes,No
NDARBE081CU3,0,8.130276,-46.69,Yes,No
NDARRK788DV7,1,10.703285,60.03,Yes,No
NDARRE265KWF,0,14.657312,40.02,Yes,No
NDARUZ056AC3,0,9.657426,86.71,Yes,No
NDARVU479VJ6,0,7.579397,100.05,Yes,No
NDARPJ713LGL,0,7.973762,100.05,Yes,No
NDARTH261GB5,0,9.543007,100.05,Yes,No
NDARVY035UNP,1,8.891056,33.35,Yes,No
NDARHE260GG4,0,14.11248,13.34,Yes,No
NDARER318CE4,0,16.039698,100.05,Yes,No
NDARXT641NBY,1,10.615674,-93.38,Yes,No
NDARCC909PYL,1,10.101186,93.38,Yes,No
NDARNM068ZRC,1,10.857289,-73.37,Yes,No
NDARKD168VHJ,0,12.181724,64.5,Yes,No
NDARHU478PNH,0,11.793064,-73.37,Yes,No
NDARBF402JLH,0,5.755989,6.67,Yes,No
NDARXF766BLW,0,15.467145,52.29,Yes,No
NDARJY356YBK,1,5.707049,97.85,Yes,No
NDARVW217KW6,0,6.881473,94.51,Yes,No
NDARKY690JBA,0,12.154346,10.01,Yes,No
NDARZX442LFQ,0,9.619096,88.98,Yes,No
NDARNR630AK6,0,9.548596,93.38,Yes,No
NDARTT411JAR,0,7.141341,36.69,Yes,No
NDARAT193FC0,1,11.078599,86.71,Yes,No
NDARMR744CZ7,0,7.755076,-27.75,Yes,No
NDARXE058PZF,0,6.905886,33.35,Yes,No
NDARRF676GBD,0,9.870978,10.01,Yes,No
NDARDX448UMJ,0,13.933949,93.38,Yes,No
NDARZW426CT2,1,5.830481,73.37,Yes,No
NDARDT517BC5,0,5.789071,100.05,Yes,No
NDARRK617NRL,0,8.143851,100.05,Yes,No
NDARFH099KNX,0,10.648528,90.05,Yes,No
NDARZZ598MH8,0,8.578713,86.71,Yes,No
NDAREX726VYV,0,8.03947,86.71,Yes,No
NDARYW313ZM5,1,8.089094,66.7,Yes,No
NDARGV434RTP,1,12.627994,43.35,Yes,No
NDARRP175MBY,1,17.033196,100.05,Yes,No
NDARWE850WRP,0,6.572438,40.02,Yes,No
NDARMX196KKY,0,10.142026,100.05,Yes,No
NDARGZ301KFG,0,9.430298,86.71,Yes,No
NDARWB471PET,0,10.287702,80.04,Yes,No
NDARUM301RDE,0,13.285535,60.03,Yes,No
NDARMU443RHZ,0,17.797284,90.11,Yes,No
NDARCB492BAD,0,9.808008,6.67,Yes,No
NDAREG806MMA,0,6.200091,26.68,Yes,No
NDARGG655YCT,0,6.837554,93.38,Yes,No
NDAREN691WTC,1,11.250855,53.36,Yes,No
NDARZF679JLV,0,16.866187,100.05,Yes,No
NDARWL250JU3,0,9.978097,100.05,Yes,No
NDARUZ408MRL,0,9.851927,80.04,Yes,No
NDARTV031GX8,1,14.623887,83.38,Yes,No
NDARXN325JBD,1,8.288615,93.38,Yes,No
NDARFV289RKB,0,9.369952,60.03,Yes,No
NDARYH501UH3,0,9.479466,50.02,Yes,No
NDARCP698AT5,1,9.863221,60.03,Yes,No
NDARER054VLK,0,7.338466,22.21,Yes,No
NDARNR442PFH,1,6.887291,97.85,Yes,No
NDARMU320XRT,0,7.626511,66.7,Yes,No
NDARCN497LVY,0,15.738877,NULL,Yes,No
NDARCN497LVY,0,15.738877,100.05,Yes,No
NDARGN534LJB,1,7.590349,50.02,Yes,No
NDARDP815CNW,0,5.887976,60.03,Yes,No
NDARRH908NZD,0,10.298653,93.38,Yes,No
NDARZV458LDP,1,15.763175,53.36,Yes,No
NDARHY484FBX,1,8.833333,86.71,Yes,No
NDARBF911MLX,1,5.641569,100.05,Yes,No
NDARWC819TRH,1,7.571184,86.71,Yes,No
NDARAP267CAG,1,6.843486,6.67,Yes,No
NDARDV421ZWE,0,11.74093,33.35,Yes,No
NDARCN515KCL,0,10.777435,73.37,Yes,No
NDARLK470PKD,0,7.188341,58.9,Yes,No
NDARDW252TCB,0,8.729751,86.71,Yes,No
NDARKX640YF6,1,9.877367,60.03,Yes,No
NDARPC356JKP,0,9.909308,73.37,Yes,No
NDARTT476DAT,0,7.566392,80.04,Yes,No
NDARBF575JUL,0,5.679329,14.47,Yes,No
NDARXH863ZXA,0,12.499429,100.05,Yes,No
NDARVK499ETJ,0,6.317818,46.69,Yes,No
NDARJV697PMQ,1,7.782112,100.05,Yes,No
NDARTH173DWQ,0,9.775154,80.04,Yes,No
NDARNL982TBG,0,6.322724,93.38,Yes,No
NDARDF877LW4,0,13.312457,-70.03,Yes,No
NDARGZ939JYZ,1,9.195414,80.04,Yes,No
NDARVV437NF6,0,12.165411,80.04,Yes,No
NDARRR570MC0,0,8.225872,-53.36,Yes,No
NDARXZ741VH0,1,15.957791,60.03,Yes,No
NDARFM811ZCE,0,14.465092,100.05,Yes,No
NDARWH939LPQ,0,9.071868,46.69,Yes,No
NDAREF150LNT,1,5.739561,53.36,Yes,No
NDARGP240ENJ,0,7.253593,100.05,Yes,No
NDARCM082AZD,0,6.380903,60.03,Yes,No
NDARAU044FP6,0,8.203969,66.7,Yes,No
NDARGG442NML,0,7.149555,90.05,Yes,No
NDARTL923DPX,0,13.43623,83.38,Yes,No
NDARTE580DV0,0,7.590919,73.37,Yes,No
NDARNT093ZD5,0,11.766141,86.71,Yes,No
NDARNL547DDH,1,11.330823,100.05,Yes,No
NDARVD028VU9,1,13.756673,-46.69,Yes,No
NDARDF166XVA,1,16.201232,-80.04,Yes,No
NDARRN626DC4,1,6.259867,31.15,Yes,No
NDARWT989KPJ,1,7.237736,-3.33,Yes,No
NDARAG798WM7,0,9.315195,100.05,Yes,No
NDARDH753GUF,0,11.09765,53.36,Yes,No
NDARUG126FUY,0,9.394706,93.38,Yes,No
NDARGN640XT9,0,11.481177,-40.02,Yes,No
NDARYD259PK3,0,8.949007,68.9,Yes,No
NDARLE676JZN,0,5.819644,86.71,Yes,No
NDARGP733LVB,0,10.936002,60.03,Yes,No
NDARJL819HZL,1,7.040041,-93.38,Yes,No
NDARJL819HZL,1,7.040041,0,Yes,No
NDARNN493WMD,0,9.548026,60.03,Yes,No
NDARHD248WMZ,0,7.445813,80.04,Yes,No
NDARKG408BVL,0,10.942048,-61.16,Yes,No
NDARYJ920PR4,1,8.59514,66.7,Yes,No
NDARDL389KT5,1,9.498631,100.05,Yes,No
NDARJY757LJU,1,10.254506,-100.05,Yes,No
NDARLK307PN3,0,7.053844,26.68,Yes,No
NDAREK731AXL,0,5.643851,-40.02,Yes,No
NDARNJ623KAF,0,14.823979,96.72,Yes,No
NDAREY359ANG,0,9.484941,48.89,Yes,No
NDARJK482MZB,1,13.293862,91.18,Yes,No
NDARWK605KC3,1,9.95859,-60.03,Yes,No
NDARRT854TMV,0,7.256331,53.36,Yes,No
NDARNP962TJK,1,7.617841,26.68,Yes,No
NDARTG706ZV8,1,7.966005,46.69,Yes,No
NDARWC905XUG,0,12.211841,92.31,Yes,No
NDARAY021PPD,0,9.428017,46.67,Yes,No
NDARPY792XRK,1,8.491101,10.01,Yes,No
NDARJC294YNX,0,15.801277,30.02,Yes,No
NDARXJ138BW6,0,8.086014,100.05,Yes,No
NDARGV455JV1,1,12.360255,100.05,Yes,No
NDARHC817PBU,0,12.11613,17.81,Yes,No
NDARWB149BL1,1,9.425279,48.96,Yes,No
NDARFB146TG0,1,10.569358,93.38,Yes,No
NDARMW127WL5,0,7.773785,91.18,Yes,No
NDARVC745RL3,1,14.810061,97.85,Yes,No
NDARVN914ZMX,1,14.421286,93.38,Yes,No
NDARUH340WL5,1,11.056468,100.05,Yes,No
NDARRA321UKA,1,9.572667,44.49,Yes,No
NDARCL586HXH,0,7.056582,-3.33,Yes,No
NDARVA284CL4,0,8.444558,47.82,Yes,No
NDARUB690GWK,1,12.031485,93.38,Yes,No
NDARFJ423LW9,0,9.477298,73.37,Yes,No
NDARPC352WZJ,0,7.935318,100.05,Yes,No
NDARNZ015EK8,1,10.109285,80.04,Yes,No
NDARZH326WDT,1,14.25154,93.38,Yes,No
NDARVU390GVK,1,8.959388,96.72,Yes,No
NDARLZ479CGC,0,14.774583,62.3,Yes,No
NDARKT721PNV,0,5.750513,-66.7,Yes,No
NDARBT980MW2,0,6.051791,-33.35,Yes,No
NDARJW326UED,0,8.318845,93.38,Yes,No
NDARAP120HTA,1,6.476614,60.03,Yes,No
NDARAP120HTA,1,6.476614,60.03,Yes,No
NDARLD071YA7,0,10.717088,100.05,Yes,No
NDARUM756CXD,0,11.820784,86.71,Yes,No
NDARLP160GHJ,0,10.895163,100.05,Yes,No
NDARHV388ZZ4,1,16.422655,100.05,Yes,No
NDARNK139XNA,0,11.245379,13.34,Yes,No
NDARYC953CE2,1,13.123431,100.05,Yes,No
NDARVU647ED2,0,10.629477,86.71,Yes,No
NDAREN352YZQ,1,9.748345,30.02,Yes,No
NDARWM560DXH,0,10.621606,96.72,Yes,No
NDARWE059CKP,0,8.157084,86.71,Yes,No
NDARKE254HKM,0,12.633812,100.05,Yes,No
NDARPK095XX5,1,15.417864,97.85,Yes,No
NDARBX443ZLU,0,9.942733,93.38,Yes,No
NDARGL014PN6,0,10.675906,100.05,Yes,No
NDARZB660XDB,0,7.7026,68.9,Yes,No
NDARUF588WT6,0,7.053844,-6.67,Yes,No
NDARNH743HW0,0,8.318617,36.69,Yes,No
NDARFN031NAN,0,13.403148,82.24,Yes,No
NDARRF011FG0,0,15.119895,80.04,Yes,No
NDARDM027XFE,0,7.100273,-70.03,Yes,No
NDARUC804LKP,0,11.965548,100.05,Yes,No
NDARZY134GCV,0,7.52464,73.37,Yes,No
NDARVC882UMT,1,17.230321,86.71,Yes,No
NDARDN090KP6,0,9.989276,47.82,Yes,No
NDARRZ120VU2,1,13.011407,-53.36,Yes,No
NDARAT000LDV,0,7.864134,100.05,Yes,No
NDARTK897DPP,1,9.791923,80.04,Yes,No
NDARZU751VBU,0,6.221423,20.01,Yes,No
NDARYG596PYF,1,8.74903,60.03,Yes,No
NDARWM620AX5,0,10.172142,-60.03,Yes,No
NDARZW637PCF,1,6.892197,100.05,Yes,No
NDARXM177NVQ,0,13.748345,73.37,Yes,No
NDARKD296VKD,0,14.037987,86.71,Yes,No
NDAREZ060XH6,1,6.424024,100.05,Yes,No
NDARPL898TYW,0,14.32877,26.68,Yes,No
NDARBB001JZ7,1,17.499087,100.05,Yes,No
NDARGM426CJT,1,8.176819,86.71,Yes,No
NDARHY950URX,0,6.126169,40.02,Yes,No
NDARUM721FCJ,1,9.717659,97.85,Yes,No
NDARCM080BVQ,1,14.23785,93.38,Yes,No
NDARNA455LV4,1,8.633926,44.49,Yes,No
NDARXG697BTX,0,11.6402,66.7,Yes,No
NDARUD172WGG,0,13.099475,-46.69,Yes,No
NDARCF658ZMQ,1,12.179557,100.05,Yes,No
NDARCF658ZMQ,1,12.179557,100.05,Yes,No
NDARWB591KLW,0,10.085101,86.71,Yes,No
NDARMM421CEC,0,12.124229,-56.76,Yes,No
NDARHW973PXT,0,8.417522,86.71,Yes,No
NDARAV925BP3,0,6.881245,86.71,Yes,No
NDARFC405UUZ,0,9.205681,93.38,Yes,No
NDARBK874PDY,1,6.125827,53.36,Yes,No
NDARJK734VNF,0,15.840063,100.05,Yes,No
NDARXB443TWA,0,11.272758,83.38,Yes,No
NDARTL525VL2,0,12.825119,96.72,Yes,No
NDARJG359XAQ,0,9.712183,86.71,Yes,No
NDARJM880XGY,0,10.448779,90.05,Yes,No
NDAREA860NEX,1,9.225074,100.05,Yes,No
NDAREK862TN1,0,15.054985,84.51,Yes,No
NDARGC822DBX,0,18.358658,86.71,Yes,No
NDARDR898FMV,0,7.108715,53.36,Yes,No
NDARXT060JF6,1,13.025211,80.04,Yes,No
NDAREL027FPB,1,11.256331,100.05,Yes,No
NDARWH029PET,1,7.54449,100.05,Yes,No
NDARZP542LJK,0,15.420602,93.38,Yes,No
NDARPT644BF7,0,9.564453,80.04,Yes,No
NDARPJ763DV1,0,9.432922,80.04,Yes,No
NDARXF485XU5,1,11.198836,-80.04,Yes,No
NDARGD751MMW,1,8.483458,66.7,Yes,No
NDARRN996JZK,1,16.261578,100.05,Yes,No
NDARGY200NTW,0,6.180355,80.04,Yes,No
NDARYP155LJA,0,10.818845,86.71,Yes,No
NDARHW873BP4,0,8.909993,100.05,Yes,No
NDARVC871YDD,0,10.618982,6.67,Yes,No
NDARUH016MWG,1,6.337668,70.03,Yes,No
NDARLG424ZL1,1,8.44798,56.7,Yes,No
NDARRA804NPT,0,11.037873,86.71,Yes,No
NDARGR617JAM,1,18.402121,93.38,Yes,No
NDARNL887YUJ,0,7.371321,-80.04,Yes,No
NDARAG644KE3,0,6.068218,70.03,Yes,No
NDARUP735CM8,0,6.703855,94.51,Yes,No
NDARRT579TEL,1,11.303216,-100.05,Yes,No
NDARHE190JRL,1,12.521788,93.38,Yes,No
NDARNB579TCQ,0,11.798767,76.7,Yes,No
NDARRJ938NT7,1,9.411476,80.04,Yes,No
NDARUX368CL6,0,7.697467,20.01,Yes,No
NDARHR751MTT,1,10.859685,66.7,Yes,No
NDARFK947HD9,0,9.046885,44.49,Yes,No
NDARBG073ZY4,0,17.945128,73.37,Yes,No
NDARBN264UNZ,1,6.122861,-66.7,Yes,No
NDARHU954TM0,0,10.330937,0,Yes,No
NDARZW651DEN,0,7.330253,-80.04,Yes,No
NDARGW888PAL,0,10.481975,73.37,Yes,No
NDARDK635CD2,1,6.982546,53.36,Yes,No
NDARBC865CXQ,0,12.493839,100.05,Yes,No
NDARMP468WRG,1,8.921514,53.36,Yes,No
NDARNN321YCR,0,7.491672,-66.7,Yes,No
NDARWY762UNN,0,5.912616,-53.36,Yes,No
NDARPA629LAL,0,9.016997,100.05,Yes,No
NDARNR347UB9,0,15.525211,100.05,Yes,No
NDARVU223DDB,0,12.412388,100.05,Yes,No
NDARYG037KC4,0,6.659707,-83.38,Yes,No
NDARVC558CAA,1,5.718001,40.02,Yes,No
NDARFB827ETL,1,14.916837,84.51,Yes,No
NDARFE453LFL,0,7.037873,52.29,Yes,No
NDARUB828HR8,1,7.544033,60.03,Yes,No
NDARTN709KEY,0,11.138603,60.03,Yes,No
NDARUN908KRJ,0,17.682409,46.69,Yes,No
NDARFC339HXZ,0,20.575975,86.71,Yes,No
NDARKV041AKE,0,8.74903,93.38,Yes,No
NDARDL033XRG,1,10.172142,100.05,Yes,No
NDARBA404HR9,0,18.16986,100.05,Yes,No
NDARZM949ANW,0,8.225758,60.03,Yes,No
NDARGR199PM2,1,9.706707,26.68,Yes,No
NDARXW410HP6,1,12.803901,53.36,Yes,No
NDARZX849GL3,1,18.205566,100.05,Yes,No
NDARMX767BZR,0,7.289299,-60.03,Yes,No
NDARWF545PCM,0,7.451289,-53.43,Yes,No
NDARJW691ZFR,1,16.773671,93.38,Yes,No
NDARUC629ZHX,1,11.401665,24.48,Yes,No
NDARGZ387TP5,0,6.82934,10.01,Yes,No
NDARRY214YDW,0,12.045402,0,Yes,No
NDARDZ185YDV,1,10.821013,100.05,Yes,No
NDARHT939VL5,0,11.020876,-100.05,Yes,No
NDARTH616MKF,1,14.298653,-46.69,Yes,No
NDARVN772GLC,0,10.796372,81.17,Yes,No
NDARVB588TM7,1,8.959388,76.7,Yes,No
NDARCK944VXB,0,8.828085,86.71,Yes,No
NDARAN229MTX,0,6.68971,46.69,Yes,No
NDARAR358RHK,1,18.859913,100.05,Yes,No
NDARVX769HEQ,1,7.226328,80.11,Yes,No
NDARNX843CD9,0,5.562172,100.05,Yes,No
NDARNK679NNV,0,6.731234,97.85,Yes,No
NDARYG009CUE,0,10.638261,60.03,Yes,No
NDARTF081PRL,0,13.060689,100.05,Yes,No
NDARCP952HZA ,0,11.612822,100.05,Yes,No
NDAREM687HPE,1,13.088523,53.36,Yes,No
NDARCY049DAF,0,7.74093,-100.05,Yes,No
NDARJT819VAX,1,5.748231,93.38,Yes,No
NDARCE788KXW,1,13.430298,100.05,Yes,No
NDARPP806NL2,0,13.088295,90.05,Yes,No
NDARKJ238NTJ,0,6.996805,6.67,Yes,No
NDARCJ348YVB,1,11.051676,73.37,Yes,No
NDARTE752PYH,1,13.584074,70.03,Yes,No
NDARPT665ADN,0,13.192562,86.78,Yes,No
NDARKL053DWW,0,13.895961,100.05,Yes,No
NDARKG990TNT,0,10.654004,13.34,Yes,No
NDARCD075CMG,0,6.560917,-100.05,Yes,No
NDARRK694GD5,1,8.729865,4.4,Yes,No
NDARCW855EMQ,0,11.754848,53.36,Yes,No
NDARXY567ZML,0,10.177618,81.17,Yes,No
NDARKV309YFH,1,16.499315,62.3,Yes,No
NDARUH459KY3,0,16.614419,93.38,Yes,No
NDARFJ546HXE,0,9.531485,60.03,Yes,No
NDARUX422KT3,0,6.471138,73.37,Yes,No
NDARUW210XVA,0,9.170887,20.01,Yes,No
NDARCM214WFE,0,7.127652,13.34,Yes,No
NDARVJ394TEC,1,7.543919,-37.82,Yes,No
NDARDC553RE2,0,16.809263,60.03,Yes,No
NDAREW326RXX,0,8.540383,86.71,Yes,No
NDARLW708LJR,0,14.068104,86.71,Yes,No
NDARXX899HTP,0,8.647273,26.68,Yes,No
NDARBR039KM0,1,16.138489,73.37,Yes,No
NDARBT749WCN,0,5.682637,53.36,Yes,No
NDARZT876LP6,1,11.804357,93.38,Yes,No
NDARUW215TG0,0,7.694729,100.05,Yes,No
NDARFB718YEJ,1,7.976728,46.69,Yes,No
NDARPU118RAN,1,9.077686,32.28,Yes,No
NDARWR007EUF,0,11.163244,20.01,Yes,No
NDARPC937PX8,1,10.306297,91.18,Yes,No
NDARZM839GHH,0,16.641683,100.05,Yes,No
NDARVD219XN1,1,7.749714,100.05,Yes,No
NDARNF525CRN,0,5.444444,82.31,Yes,No
NDARUU245TF1,1,14.123089,48.96,Yes,No
NDARYR809TBN,1,8.565023,26.68,Yes,No
NDARJD111BGM,1,10.278918,100.05,Yes,No
NDARZX827NWT,0,6.315195,-16.68,Yes,No
NDARUZ062BWR,1,8.154916,-80.04,Yes,No
NDARRA908XA2,0,9.364932,93.38,Yes,No
NDARPC240HFH,1,6.898243,68.97,Yes,No
NDARJL422NDV,0,14.487109,53.36,Yes,No
NDARNX672HNV,0,7.853182,97.85,Yes,No
NDARBX479JVN,0,9.342687,96.72,Yes,No
NDARZH432ZTC,0,6.859913,53.36,Yes,No
NDARCK816LRX,0,14.117955,100.05,Yes,No
NDARWM682YJ0,0,9.501939,100.05,Yes,No
NDARGJ596GTA,1,15.549623,55.69,Yes,No
NDARMK299CN4,0,8.274811,96.72,Yes,No
NDARUK931MGT,0,11.218571,73.37,Yes,No
NDARYC574EA3,1,16.138375,80.04,Yes,No
NDARDB355VG8,0,7.960073,-73.37,Yes,No
NDARVH565FX9,1,9.753365,86.71,Yes,No
NDARLK306VR9,0,16.997604,70.03,Yes,No
NDARZB904CDB,0,7.634725,-86.71,Yes,No
NDARZF874HJX,0,11.766255,85.64,Yes,No
NDARBC773HN6,0,6.711498,73.37,Yes,No
NDARJY512JMG,1,10.489733,73.37,Yes,No
NDARRT994KAA,0,7.744125,33.35,Yes,No
NDARHM270YKH,1,10.525325,100.05,Yes,No
NDAREE075BGN,1,7.023728,80.04,Yes,No
NDARZW720WG1,1,16.926876,66.7,Yes,No
NDARTP766CPJ,0,6.263061,26.68,Yes,No
NDARFN088BBV,1,7.814966,26.68,Yes,No
NDARCM268ULX,1,14.886721,53.36,Yes,No
NDARFW002KMK,0,8.023499,86.71,Yes,No
NDARFP601KKC,0,8.447866,-80.04,Yes,No
NDARGF056RX6,1,11.464407,64.5,Yes,No
NDAREH498BDV,1,12.606091,100.05,Yes,No
NDARGM159ZL9,1,13.605977,93.38,Yes,No
NDARNW283WJF,1,6.451403,-97.85,Yes,No
NDARYE231CY0,0,8.335614,86.71,Yes,No
NDARTG982UC3,0,11.39117,100.05,Yes,No
NDARTP291KF6,0,13.966803,-70.03,Yes,No
NDARGK981YLX,1,14.065366,100.05,Yes,No
NDARCY682FLJ,0,10.079739,-66.7,Yes,No
NDAREV869CPW,0,12.896874,100.05,Yes,No
NDARRK096TF0,0,7.598562,93.38,Yes,No
NDARWF697JCF,1,11.267282,90.05,Yes,No
NDARUA113RTQ,1,9.578713,23.34,Yes,No
NDARUJ111XEZ,0,16.535135,80.04,Yes,No
NDARXC962XNK,0,5.95859,40.02,Yes,No
NDARMV674TJY,1,12.384439,80.04,Yes,No
NDARPP255LGE,0,9.28542,86.67,Yes,No
NDARYN728TBX,0,16.998288,-6.67,Yes,No
NDARHG311JRH,1,13.277435,100.05,Yes,No
NDARNZ526XKF,0,13.495893,100.05,Yes,No
NDARNH862EMH,1,15.686173,100.05,Yes,No
NDARWK212ZPX,0,8.839379,66.7,Yes,No
NDARYR155PM1,1,15.89425,57.83,Yes,No
NDARDN446FJG,1,13.148528,100.05,Yes,No
NDARHR386KRJ,1,21.509696,96.72,Yes,No
NDARWA542JCG,1,5.627766,53.36,Yes,No
NDARBW660FLT,0,8.504791,100.05,Yes,No
NDARNM721XWT,1,15.599133,73.37,Yes,No
NDARDT308PP4,0,9.611339,13.34,Yes,No
NDAREF517UWZ,0,9.337097,100.05,Yes,No
NDARHR468PPJ,1,7.023613,46.69,Yes,No
NDARUJ391DB3,1,10.328199,60.03,Yes,No
NDARLU922KGW,1,12.611909,83.38,Yes,No
NDARAR998KMM,0,9.323636,80.04,Yes,No
NDARXN641PWT,0,12.67237,86.71,Yes,No
NDARHZ847HME,0,9.718115,86.71,Yes,No
NDARLW237DHM,0,8.99498,100.05,Yes,No
NDARBU777YCU,1,15.228952,76.7,Yes,No
NDARBV663TRE,0,13.684804,-60.03,Yes,No
NDARFK452XCU,0,16.997718,97.85,Yes,No
NDARRN880XA0,1,5.687542,100.05,Yes,No
NDARPV614TV9,1,12.986652,80.04,Yes,No
NDARHD079LCL,0,14.263061,73.37,Yes,No
NDARKX108EG9,0,10.16119,100.05,Yes,No
NDARPB701XDP,0,10.807665,80.04,Yes,No
NDARBV198EKU,1,8.288501,-83.38,Yes,No
NDARHV725JRD,0,12.3436,100.05,Yes,No
NDARMZ096TBD,1,7.900182,-40.02,Yes,No
NDARJB570GBW,0,7.341889,-14.47,Yes,No
NDARCT277WK9,0,7.864134,80.04,Yes,No
NDARXE944JP7,0,11.007186,100.05,Yes,No
NDARBY976XYY,1,9.526009,64.5,Yes,No
NDARZA561GFF,0,5.849646,100.05,Yes,No
NDARLN620ZA7,0,11.75462,86.71,Yes,No
NDARMU228TCQ,1,14.716974,-68.97,Yes,No
NDARNA360JWE,0,7.595824,86.71,Yes,No
NDARKT593WDF,1,10.125598,3.33,Yes,No
NDARTU841ZAE,0,9.400638,100.05,Yes,No
NDARHY693FNZ,1,18.810631,55.63,Yes,No
NDARXX955UYH,0,7.478211,100.05,Yes,No
NDARCW424WBT,0,7.552589,100.05,Yes,No
NDARBR763ACQ,1,11.259525,43.35,Yes,No
NDARBP516PXX,0,10.854095,100.05,Yes,No
NDARGY464EYL,0,6.939425,57.83,Yes,No
NDARRL467BA1,0,10.654004,-20.01,Yes,No
NDARBM037ZM7,1,9.520533,80.04,Yes,No
NDARGC826PWN,1,7.402007,33.35,Yes,No
NDARUR724ZHG,1,5.79717,46.69,Yes,No
NDARHV831DRH,0,9.974903,73.37,Yes,No
NDARYV538EBP,1,16.99247,77.84,Yes,No
NDARAG788YV9,1,15.001711,38.95,Yes,No
NDARTF720AGD,1,9.153661,57.83,Yes,No
NDARVU464RBF,0,6.274013,46.69,Yes,No
NDARTT287KFN,1,17.980492,93.38,Yes,No
NDARVV095BWU,1,8.168149,100.05,Yes,No
NDARPT497YFZ,1,11.453456,86.71,Yes,No
NDARMF450DKQ,0,10.073579,86.71,Yes,No
NDARMD987YR6,1,6.857061,0,Yes,No
NDARFV722FED,0,8.560232,52.29,Yes,No
NDARMX842MTR,0,6.29044,26.68,Yes,No
NDARBK032VNE,0,10.281998,76.7,Yes,No
NDARKP458TM1,1,9.753707,80.04,Yes,No
NDARDG528KWJ,0,14.68412,52.23,Yes,No
NDARAB282FDJ,1,11.50057,38.95,Yes,No
NDARAB282FDJ,1,11.50057,46.69,Yes,No
NDARGD414MUA,0,10.429956,86.71,Yes,No
NDARZB616FHG,0,5.518366,53.36,Yes,No
NDARZL222KVA,0,8.52407,73.37,Yes,No
NDARGZ482DV5,1,7.210472,-100.05,Yes,No
NDARCE803VF5,0,12.729295,73.37,Yes,No
NDARDZ322ZFC,0,17.428017,93.38,Yes,No
NDARML115LD7,1,9.077116,13.34,Yes,No
NDARPU887XGA,0,16.751197,86.71,Yes,No
NDARZW698UE7,0,8.959274,70.03,Yes,No
NDARZZ741VJE,0,6.142596,-66.7,Yes,No
NDARPV423ECQ,0,7.171457,88.98,Yes,No
NDARLY512XUY,1,8.997604,93.38,Yes,No
NDARBH701KA1,0,7.026922,53.36,Yes,No
NDARXR665DU1,1,7.149555,92.31,Yes,No
NDARAB674LNB,0,7.001825,-86.71,Yes,No
NDARTY128YLU,0,15.845539,13.34,Yes,No
NDARGZ357FBX,0,16.606091,57.9,Yes,No
NDARWR624NF4,0,9.414328,20.01,Yes,No
NDARJR480DUT,0,11.002281,-73.37,Yes,No
NDARUP748AXG,0,10.13096,76.77,Yes,No
NDARYE131DBX,1,8.044832,26.68,Yes,No
NDARMG355BP1,1,10.539014,40.02,Yes,No
NDARZC445DDK,1,6.4684,80.04,Yes,No
NDAREK130FBX,0,17.211156,100.05,Yes,No